,,,,,,,,,,,,,,,,,,,,,,,,,,,,,,,,,,,,,,,,,,,,,,,,,,,,,,,,,,,ïΩãœ,ç≈ïpíl,íÜâõíl,ïWèÄïŒç∑
1.45387E+12,blue,yellow,0.048752834,8.287981859,blue,cyan,0.046326531,7.875510204,blue,magenta,0.053741497,9.136054422,yellow,blue,0.048752834,8.287981859,yellow,cyan,0.039433107,6.703628118,yellow,magenta,0.059727891,10.1537415,cyan,blue,0.046326531,7.875510204,cyan,yellow,0.039433107,6.703628118,cyan,magenta,0.047800454,8.126077098,magenta,blue,0.053741497,9.136054422,magenta,yellow,0.059727891,10.1537415,magenta,cyan,0.047800454,8.126077098,9.794379163,4.956965766,-0.508143645,-1.206153274,3.960172357,2.876483483,8.009175053,9.924572369,6.461239992,B-Y,11.71889953,11.5414966,11.55306122,1.24793883
1.45387E+12,blue,yellow,0.067732426,11.51451247,blue,cyan,0.046258503,7.863945578,blue,magenta,0.034829932,5.921088435,yellow,blue,0.067732426,11.51451247,yellow,cyan,0.046507937,7.906349206,yellow,magenta,0.040612245,6.904081633,cyan,blue,0.046258503,7.863945578,cyan,yellow,0.046507937,7.906349206,cyan,magenta,0.028752834,4.887981859,magenta,blue,0.034829932,5.921088435,magenta,yellow,0.040612245,6.904081633,magenta,cyan,0.028752834,4.887981859,1.108831422,10.71076999,0.200239179,5.315888203,10.82409831,3.351334323,3.119585701,7.845171109,4.87019297,B-C,7.767573696,7.89478458,7.883219955,0.583510141
1.45387E+12,blue,yellow,0.067687075,11.50680272,blue,cyan,0.046417234,7.890929705,blue,magenta,0.03462585,5.886394558,yellow,blue,0.067687075,11.50680272,yellow,cyan,0.041428571,7.042857143,yellow,magenta,0.040657596,6.911791383,cyan,blue,0.046417234,7.890929705,cyan,yellow,0.041428571,7.042857143,cyan,magenta,0.028684807,4.876417234,magenta,blue,0.03462585,5.886394558,magenta,yellow,0.040657596,6.911791383,magenta,cyan,0.028684807,4.876417234,1.074370247,2.92345797,-3.029485041,5.319093368,8.679198791,8.522124987,2.45412939,3.58680581,2.415487129,B-M,6.72675737,6.715192744,6.722902494,0.774180135
1.45387E+12,blue,yellow,0.06845805,11.63786848,blue,cyan,0.046349206,7.879365079,blue,magenta,0.039478458,6.711337868,yellow,blue,0.06845805,11.63786848,yellow,cyan,0.041927438,7.127664399,yellow,magenta,0.044897959,7.632653061,cyan,blue,0.046349206,7.879365079,cyan,yellow,0.041927438,7.127664399,cyan,magenta,0.028730159,4.884126984,magenta,blue,0.039478458,6.711337868,magenta,yellow,0.044897959,7.632653061,magenta,cyan,0.028730159,4.884126984,4.145097044,6.581079005,12.69943351,5.63732792,0.163371704,2.72172365,6.289717436,7.939458908,6.746825244,Y-B,11.71889953,11.5414966,11.55306122,1.24793883
1.45387E+12,blue,yellow,0.067959184,11.55306122,blue,cyan,0.046394558,7.88707483,blue,magenta,0.039410431,6.699773243,yellow,blue,0.067959184,11.55306122,yellow,cyan,0.025079365,4.263492063,yellow,magenta,0.04952381,8.419047619,cyan,blue,0.046394558,7.88707483,cyan,yellow,0.025079365,4.263492063,cyan,magenta,0.028707483,4.880272109,magenta,blue,0.039410431,6.699773243,magenta,yellow,0.04952381,8.419047619,magenta,cyan,0.028707483,4.880272109,0.117161424,9.460500534,7.954540518,5.053405326,-2.81843338,5.490573921,1.259797997,3.209635589,5.481341816,Y-C,6.564537924,6.942630385,6.985034014,1.067679838
1.45387E+12,blue,yellow,0.067709751,11.5106576,blue,cyan,0.046349206,7.879365079,blue,magenta,0.039478458,6.711337868,yellow,blue,0.067709751,11.5106576,yellow,cyan,0.039954649,6.792290249,yellow,magenta,0.040408163,6.869387755,cyan,blue,0.046349206,7.879365079,cyan,yellow,0.039954649,6.792290249,cyan,magenta,0.028752834,4.887981859,magenta,blue,0.039478458,6.711337868,magenta,yellow,0.040408163,6.869387755,magenta,cyan,0.028752834,4.887981859,2.360088421,2.154481621,0.214658297,12.26788283,7.054590367,5.69795113,6.974842836,7.980626659,2.381598346,Y-M,7.300425749,6.911791383,7.015873016,1.283308926
1.45387E+12,blue,yellow,0.076213152,12.95623583,blue,cyan,0.046417234,7.890929705,blue,magenta,0.039387755,6.695918367,yellow,blue,0.076213152,12.95623583,yellow,cyan,0.022131519,3.762358277,yellow,magenta,0.040544218,6.892517007,cyan,blue,0.046417234,7.890929705,cyan,yellow,0.022131519,3.762358277,cyan,magenta,0.028752834,4.887981859,magenta,blue,0.039387755,6.695918367,magenta,yellow,0.040544218,6.892517007,magenta,cyan,0.028752834,4.887981859,1.634389737,4.897566911,11.09636406,7.462464374,-1.010703482,7.550757572,3.156854897,3.038815752,4.542028296,C-B,7.767573696,7.89478458,7.883219955,0.583510141
1.45387E+12,blue,yellow,0.067641723,11.49909297,blue,cyan,0.046349206,7.879365079,blue,magenta,0.034512472,5.867120181,yellow,blue,0.067641723,11.49909297,yellow,cyan,0.028820862,4.899546485,yellow,magenta,0.049433107,8.403628118,cyan,blue,0.046349206,7.879365079,cyan,yellow,0.028820862,4.899546485,cyan,magenta,0.028752834,4.887981859,magenta,blue,0.034512472,5.867120181,magenta,yellow,0.049433107,8.403628118,magenta,cyan,0.028752834,4.887981859,1.093258525,-0.317199829,3.517051262,11.22144646,6.603595702,6.831598386,5.619950081,4.981300032,1.048984976,C-Y,6.564537924,6.942630385,6.985034014,1.067679838
1.45387E+12,blue,yellow,0.067755102,11.51836735,blue,cyan,0.046371882,7.883219955,blue,magenta,0.039614512,6.73446712,yellow,blue,0.067755102,11.51836735,yellow,cyan,0.040793651,6.934920635,yellow,magenta,0.049365079,8.392063492,cyan,blue,0.046371882,7.883219955,cyan,yellow,0.040793651,6.934920635,cyan,magenta,0.02877551,4.891836735,magenta,blue,0.039614512,6.73446712,magenta,yellow,0.049365079,8.392063492,magenta,cyan,0.02877551,4.891836735,7.249916618,4.781010516,-1.668910159,4.850421712,10.88937663,4.544340155,5.102319179,9.131776429,3.555806063,C-M,4.771470221,4.891836735,4.891836735,0.664454607
1.45387E+12,blue,yellow,0.067823129,11.52993197,blue,cyan,0.046326531,7.875510204,blue,magenta,0.039501134,6.715192744,yellow,blue,0.067823129,11.52993197,yellow,cyan,0.040839002,6.942630385,yellow,magenta,0.040634921,6.907936508,cyan,blue,0.046326531,7.875510204,cyan,yellow,0.040839002,6.942630385,cyan,magenta,0.028752834,4.887981859,magenta,blue,0.039501134,6.715192744,magenta,yellow,0.040634921,6.907936508,magenta,cyan,0.028752834,4.887981859,2.525366158,1.480264004,0.084274207,5.42228254,11.67745349,0.028398824,7.612172587,4.625245524,5.391710805,M-B,6.72675737,6.715192744,6.722902494,0.774180135
1.45387E+12,blue,yellow,0.068049887,11.56848073,blue,cyan,0.046394558,7.88707483,blue,magenta,0.03968254,6.746031746,yellow,blue,0.068049887,11.56848073,yellow,cyan,0.044036281,7.4861678,yellow,magenta,0.025079365,4.263492063,cyan,blue,0.046394558,7.88707483,cyan,yellow,0.044036281,7.4861678,cyan,magenta,0.018707483,3.180272109,magenta,blue,0.03968254,6.746031746,magenta,yellow,0.025079365,4.263492063,magenta,cyan,0.018707483,3.180272109,1.013310684,-1.82408701,6.110213297,7.383572387,-0.477437209,5.916491333,6.634385527,4.747201554,3.416685961,M-Y,7.300425749,6.911791383,7.015873016,1.283308926
1.45387E+12,blue,yellow,0.06829932,11.61088435,blue,cyan,0.045918367,7.806122449,blue,magenta,0.039478458,6.711337868,yellow,blue,0.06829932,11.61088435,yellow,cyan,0.045283447,7.698185941,yellow,magenta,0.039954649,6.792290249,cyan,blue,0.045918367,7.806122449,cyan,yellow,0.045283447,7.698185941,cyan,magenta,0.028798186,4.89569161,magenta,blue,0.039478458,6.711337868,magenta,yellow,0.039954649,6.792290249,magenta,cyan,0.028798186,4.89569161,2.373160498,-1.971558106,7.78945941,8.222667393,0.989602343,5.789208832,8.261133317,2.961246148,4.215467319,M-C,4.771470221,4.891836735,4.891836735,0.664454607
1.45387E+12,blue,yellow,0.06845805,11.63786848,blue,cyan,0.045873016,7.798412698,blue,magenta,0.039637188,6.738321995,yellow,blue,0.06845805,11.63786848,yellow,cyan,0.04154195,7.062131519,yellow,magenta,0.049387755,8.395918367,cyan,blue,0.045873016,7.798412698,cyan,yellow,0.04154195,7.062131519,cyan,magenta,0.02877551,4.891836735,magenta,blue,0.039637188,6.738321995,magenta,yellow,0.049387755,8.395918367,magenta,cyan,0.02877551,4.891836735,5.816093304,10.12550118,2.179840431,-2.514011047,3.844676729,3.172053458,0.781551719,5.04416731,5.7968905,,,,,
1.45387E+12,blue,yellow,0.06845805,11.63786848,blue,cyan,0.046371882,7.883219955,blue,magenta,0.039546485,6.722902494,yellow,blue,0.06845805,11.63786848,yellow,cyan,0.046598639,7.921768707,yellow,magenta,0.045034014,7.655782313,cyan,blue,0.046371882,7.883219955,cyan,yellow,0.046598639,7.921768707,cyan,magenta,0.022743764,3.866439909,magenta,blue,0.039546485,6.722902494,magenta,yellow,0.045034014,7.655782313,magenta,cyan,0.022743764,3.866439909,3.454160628,3.504971655,-2.98616106,0.425219166,8.608278095,7.481359728,4.35261452,4.506506064,2.886816154,,,,,
1.45387E+12,blue,yellow,0.067777778,11.52222222,blue,cyan,0.046439909,7.89478458,blue,magenta,0.034761905,5.90952381,yellow,blue,0.067777778,11.52222222,yellow,cyan,0.039274376,6.676643991,yellow,magenta,0.030680272,5.215646259,cyan,blue,0.046439909,7.89478458,cyan,yellow,0.039274376,6.676643991,cyan,magenta,0.028752834,4.887981859,magenta,blue,0.034761905,5.90952381,magenta,yellow,0.030680272,5.215646259,magenta,cyan,0.028752834,4.887981859,0.115349761,12.36475424,6.694025618,1.813794115,2.434647439,4.663578809,8.485333093,6.883693896,4.147244195,,,,,
1.45387E+12,blue,yellow,0.068390023,11.62630385,blue,cyan,0.046371882,7.883219955,blue,magenta,0.039546485,6.722902494,yellow,blue,0.068390023,11.62630385,yellow,cyan,0.041972789,7.13537415,yellow,magenta,0.049297052,8.380498866,cyan,blue,0.046371882,7.883219955,cyan,yellow,0.041972789,7.13537415,cyan,magenta,0.02877551,4.891836735,magenta,blue,0.039546485,6.722902494,magenta,yellow,0.049297052,8.380498866,magenta,cyan,0.02877551,4.891836735,7.645032845,1.461560531,5.185638374,12.23307547,11.96445126,9.362629043,5.409760293,5.733093953,8.777438389,,,,,
1.45387E+12,blue,yellow,0.074852608,12.72494331,blue,cyan,0.045963719,7.8138322,blue,magenta,0.039478458,6.711337868,yellow,blue,0.074852608,12.72494331,yellow,cyan,0.037278912,6.337414966,yellow,magenta,0.049410431,8.399773243,cyan,blue,0.045963719,7.8138322,cyan,yellow,0.037278912,6.337414966,cyan,magenta,0.028730159,4.884126984,magenta,blue,0.039478458,6.711337868,magenta,yellow,0.049410431,8.399773243,magenta,cyan,0.028730159,4.884126984,1.005534523,8.126157117,10.38897424,1.934564919,-1.253202122,5.940080922,3.255491273,2.520350583,6.946916386,,,,,
1.45387E+12,blue,yellow,0.076122449,12.94081633,blue,cyan,0.046371882,7.883219955,blue,magenta,0.039501134,6.715192744,yellow,blue,0.076122449,12.94081633,yellow,cyan,0.040952381,6.961904762,yellow,magenta,0.02600907,4.42154195,cyan,blue,0.046371882,7.883219955,cyan,yellow,0.040952381,6.961904762,cyan,magenta,0.02877551,4.891836735,magenta,blue,0.039501134,6.715192744,magenta,yellow,0.02600907,4.42154195,magenta,cyan,0.02877551,4.891836735,2.306819522,9.329459848,9.991130059,0.671885519,1.274865962,7.660273774,2.214742409,3.856801817,5.140617149,,,,,
1.45387E+12,blue,yellow,0.068185941,11.59160998,blue,cyan,0.046462585,7.898639456,blue,magenta,0.03952381,6.719047619,yellow,blue,0.068185941,11.59160998,yellow,cyan,0.02893424,4.918820862,yellow,magenta,0.040294785,6.850113379,cyan,blue,0.046462585,7.898639456,cyan,yellow,0.02893424,4.918820862,cyan,magenta,0.02877551,4.891836735,magenta,blue,0.03952381,6.719047619,magenta,yellow,0.040294785,6.850113379,magenta,cyan,0.02877551,4.891836735,0.424170341,-2.281308605,6.189923581,9.546096491,4.969034042,4.984890763,3.661395105,3.889682855,8.553934457,,,,,
1.45387E+12,blue,yellow,0.075102041,12.76734694,blue,cyan,0.046394558,7.88707483,blue,magenta,0.038548753,6.553287982,yellow,blue,0.075102041,12.76734694,yellow,cyan,0.025056689,4.259637188,yellow,magenta,0.049546485,8.422902494,cyan,blue,0.046394558,7.88707483,cyan,yellow,0.025056689,4.259637188,cyan,magenta,0.028752834,4.887981859,magenta,blue,0.038548753,6.553287982,magenta,yellow,0.049546485,8.422902494,magenta,cyan,0.028752834,4.887981859,0.25834521,6.046962942,1.583322242,0.955894944,13.06896966,2.850863792,9.019344809,7.626251656,7.93980534,,,,,
1.45387E+12,blue,yellow,0.072131519,12.26235828,blue,cyan,0.050770975,8.63106576,blue,magenta,0.043786848,7.443764172,yellow,blue,0.072131519,12.26235828,yellow,cyan,0.04154195,7.062131519,yellow,magenta,0.040453515,6.877097506,cyan,blue,0.050770975,8.63106576,cyan,yellow,0.04154195,7.062131519,cyan,magenta,0.02877551,4.891836735,magenta,blue,0.043786848,7.443764172,magenta,yellow,0.040453515,6.877097506,magenta,cyan,0.02877551,4.891836735,2.65172174,1.643754099,1.068528363,11.74110685,9.220935321,4.804230472,8.961003014,7.449814367,4.675959981,,,,,
1.45387E+12,blue,yellow,0.04861678,8.264852608,blue,cyan,0.046507937,7.906349206,blue,magenta,0.039501134,6.715192744,yellow,blue,0.04861678,8.264852608,yellow,cyan,0.046326531,7.875510204,yellow,magenta,0.049365079,8.392063492,cyan,blue,0.046507937,7.906349206,cyan,yellow,0.046326531,7.875510204,cyan,magenta,0.028752834,4.887981859,magenta,blue,0.039501134,6.715192744,magenta,yellow,0.049365079,8.392063492,magenta,cyan,0.028752834,4.887981859,33.44867758,0.575777437,6.257794261,11.32262036,5.082736433,6.382750329,10.40118005,5.03956876,4.780879005,,,,,
1.45387E+12,blue,yellow,0.070022676,11.90385488,blue,cyan,0.037256236,6.333560091,blue,magenta,0.039569161,6.72675737,yellow,blue,0.070022676,11.90385488,yellow,cyan,0.033424036,5.682086168,yellow,magenta,0.040544218,6.892517007,cyan,blue,0.037256236,6.333560091,cyan,yellow,0.033424036,5.682086168,cyan,magenta,0.028027211,4.76462585,magenta,blue,0.039569161,6.72675737,magenta,yellow,0.040544218,6.892517007,magenta,cyan,0.028027211,4.76462585,0.023726382,0.507686165,-1.232192825,8.324115575,7.652517736,3.655774482,4.324477294,6.916335618,0.881229542,,,,,
1.45387E+12,blue,yellow,0.067891156,11.5414966,blue,cyan,0.046485261,7.902494331,blue,magenta,0.034648526,5.890249433,yellow,blue,0.067891156,11.5414966,yellow,cyan,0.040839002,6.942630385,yellow,magenta,0.04952381,8.419047619,cyan,blue,0.046485261,7.902494331,cyan,yellow,0.040839002,6.942630385,cyan,magenta,0.023786848,4.043764172,magenta,blue,0.034648526,5.890249433,magenta,yellow,0.04952381,8.419047619,magenta,cyan,0.023786848,4.043764172,2.352818905,7.765938402,8.857076114,2.531424282,-1.239289437,0.182548303,5.052262232,2.493334987,7.542196315,,,,,
1.45387E+12,blue,yellow,0.076031746,12.92539683,blue,cyan,0.045918367,7.806122449,blue,magenta,0.039478458,6.711337868,yellow,blue,0.076031746,12.92539683,yellow,cyan,0.046326531,7.875510204,yellow,magenta,0.049319728,8.384353741,cyan,blue,0.045918367,7.806122449,cyan,yellow,0.046326531,7.875510204,cyan,magenta,0.028843537,4.903401361,magenta,blue,0.039478458,6.711337868,magenta,yellow,0.049319728,8.384353741,magenta,cyan,0.028843537,4.903401361,2.39654814,12.97140347,4.305519935,-0.568567672,2.622674599,6.661826332,0.268075155,6.815678778,5.4232652,,,,,
1.45387E+12,blue,yellow,0.061678005,10.48526077,blue,cyan,0.046371882,7.883219955,blue,magenta,0.039501134,6.715192744,yellow,blue,0.061678005,10.48526077,yellow,cyan,0.04185941,7.116099773,yellow,magenta,0.039433107,6.703628118,cyan,blue,0.046371882,7.883219955,cyan,yellow,0.04185941,7.116099773,cyan,magenta,0.02877551,4.891836735,magenta,blue,0.039501134,6.715192744,magenta,yellow,0.039433107,6.703628118,magenta,cyan,0.02877551,4.891836735,5.734398488,4.334303638,10.46288991,4.111755457,-1.046414188,8.836477566,4.132817635,3.841813287,4.703195194,,,,,
1.45387E+12,blue,yellow,0.067687075,11.50680272,blue,cyan,0.046417234,7.890929705,blue,magenta,0.060566893,10.29637188,yellow,blue,0.067687075,11.50680272,yellow,cyan,0.041678005,7.085260771,yellow,magenta,0.045079365,7.663492063,cyan,blue,0.046417234,7.890929705,cyan,yellow,0.041678005,7.085260771,cyan,magenta,0.028843537,4.903401361,magenta,blue,0.060566893,10.29637188,magenta,yellow,0.045079365,7.663492063,magenta,cyan,0.028843537,4.903401361,3.789834529,2.914837014,12.30590682,1.479281325,0.672444626,5.765896757,5.84555093,8.955032406,3.171860181,,,,,
1.45387E+12,blue,yellow,0.074716553,12.70181406,blue,cyan,0.045873016,7.798412698,blue,magenta,0.034829932,5.921088435,yellow,blue,0.074716553,12.70181406,yellow,cyan,0.03244898,5.516326531,yellow,magenta,0.049433107,8.403628118,cyan,blue,0.045873016,7.798412698,cyan,yellow,0.03244898,5.516326531,cyan,magenta,0.028730159,4.884126984,magenta,blue,0.034829932,5.921088435,magenta,yellow,0.049433107,8.403628118,magenta,cyan,0.028730159,4.884126984,0.11136758,9.101487219,11.03026537,5.451682838,-1.286316397,8.056674478,3.438382127,4.730169274,7.058057336,,,,,
1.45387E+12,blue,yellow,0.075124717,12.77120181,blue,cyan,0.035578231,6.04829932,blue,magenta,0.039569161,6.72675737,yellow,blue,0.075124717,12.77120181,yellow,cyan,0.041746032,7.096825397,yellow,magenta,0.036122449,6.140816327,cyan,blue,0.035578231,6.04829932,cyan,yellow,0.041746032,7.096825397,cyan,magenta,0.02877551,4.891836735,magenta,blue,0.039569161,6.72675737,magenta,yellow,0.036122449,6.140816327,magenta,cyan,0.02877551,4.891836735,0.420716778,11.27607284,2.37785824,0.003048731,7.705387745,5.087640441,2.525803938,6.280683671,7.150832034,,,,,
1.45387E+12,blue,yellow,0.074829932,12.72108844,blue,cyan,0.046485261,7.902494331,blue,magenta,0.03952381,6.719047619,yellow,blue,0.074829932,12.72108844,yellow,cyan,0.041814059,7.108390023,yellow,magenta,0.031473923,5.350566893,cyan,blue,0.046485261,7.902494331,cyan,yellow,0.041814059,7.108390023,cyan,magenta,0.028820862,4.899546485,magenta,blue,0.03952381,6.719047619,magenta,yellow,0.031473923,5.350566893,magenta,cyan,0.028820862,4.899546485,0.348427823,1.928540653,-1.2104124,9.656855517,8.567435985,2.759181691,6.685632246,6.694885952,3.842687605,,,,,
1.45387E+12,blue,yellow,0.067959184,11.55306122,blue,cyan,0.02739229,4.656689342,blue,magenta,0.039591837,6.730612245,yellow,blue,0.067959184,11.55306122,yellow,cyan,0.030612245,5.204081633,yellow,magenta,0.040657596,6.911791383,cyan,blue,0.02739229,4.656689342,cyan,yellow,0.030612245,5.204081633,cyan,magenta,0.02877551,4.891836735,magenta,blue,0.039591837,6.730612245,magenta,yellow,0.040657596,6.911791383,magenta,cyan,0.02877551,4.891836735,2.097119933,0.812538107,1.639794596,5.276847187,11.61111508,2.435426515,6.595044563,6.864038475,4.794229387,,,,,
1.45387E+12,blue,yellow,0.099070295,16.84195011,blue,cyan,0.046439909,7.89478458,blue,magenta,0.03952381,6.719047619,yellow,blue,0.099070295,16.84195011,yellow,cyan,0.041723356,7.092970522,yellow,magenta,0.049478458,8.411337868,cyan,blue,0.046439909,7.89478458,cyan,yellow,0.041723356,7.092970522,cyan,magenta,0.028798186,4.89569161,magenta,blue,0.03952381,6.719047619,magenta,yellow,0.049478458,8.411337868,magenta,cyan,0.028798186,4.89569161,5.904653534,0.36982766,-1.543101273,11.46737368,9.527889972,7.737332497,2.832512465,3.68396145,4.914190385,,,,,
1.45387E+12,blue,yellow,0.067891156,11.5414966,blue,cyan,0.046530612,7.910204082,blue,magenta,0.039591837,6.730612245,yellow,blue,0.067891156,11.5414966,yellow,cyan,0.040907029,6.954195011,yellow,magenta,0.049501134,8.415192744,cyan,blue,0.046530612,7.910204082,cyan,yellow,0.040907029,6.954195011,cyan,magenta,0.028798186,4.89569161,magenta,blue,0.039591837,6.730612245,magenta,yellow,0.049501134,8.415192744,magenta,cyan,0.028798186,4.89569161,7.019179836,1.72299803,10.6297679,12.4816802,7.56803877,7.324895122,4.009808105,3.565538056,4.685137285,,,,,
1.45387E+12,blue,yellow,0.068480726,11.64172336,blue,cyan,0.046485261,7.902494331,blue,magenta,0.039546485,6.722902494,yellow,blue,0.068480726,11.64172336,yellow,cyan,0.041088435,6.985034014,yellow,magenta,0.04430839,7.532426304,cyan,blue,0.046485261,7.902494331,cyan,yellow,0.041088435,6.985034014,cyan,magenta,0.026326531,4.475510204,magenta,blue,0.039546485,6.722902494,magenta,yellow,0.04430839,7.532426304,magenta,cyan,0.026326531,4.475510204,5.023684577,-0.927177659,3.273261356,11.03595083,6.110796136,4.604867823,9.432668825,4.424090546,5.320997651,,,,,
1.45387E+12,blue,yellow,0.067845805,11.53378685,blue,cyan,0.046439909,7.89478458,blue,magenta,0.039501134,6.715192744,yellow,blue,0.067845805,11.53378685,yellow,cyan,0.037006803,6.291156463,yellow,magenta,0.036077098,6.133106576,cyan,blue,0.046439909,7.89478458,cyan,yellow,0.037006803,6.291156463,cyan,magenta,0.02877551,4.891836735,magenta,blue,0.039501134,6.715192744,magenta,yellow,0.036077098,6.133106576,magenta,cyan,0.02877551,4.891836735,0.754938663,11.19299103,6.671280441,-0.253197101,3.315225371,3.575146514,8.146815569,5.575807294,3.533521655,,,,,
1.45387E+12,blue,yellow,0.067913832,11.54535147,blue,cyan,0.046507937,7.906349206,blue,magenta,0.039569161,6.72675737,yellow,blue,0.067913832,11.54535147,yellow,cyan,0.041791383,7.104535147,yellow,magenta,0.025056689,4.259637188,cyan,blue,0.046507937,7.906349206,cyan,yellow,0.041791383,7.104535147,cyan,magenta,0.017324263,2.945124717,magenta,blue,0.039569161,6.72675737,magenta,yellow,0.025056689,4.259637188,magenta,cyan,0.017324263,2.945124717,0.92506311,-0.442636419,1.201758406,9.933934583,5.691396869,3.416723147,7.95265196,5.269292298,5.383103638,,,,,
1.45387E+12,blue,yellow,0.067732426,11.51451247,blue,cyan,0.045963719,7.8138322,blue,magenta,0.039614512,6.73446712,yellow,blue,0.067732426,11.51451247,yellow,cyan,0.041269841,7.015873016,yellow,magenta,0.049501134,8.415192744,cyan,blue,0.045963719,7.8138322,cyan,yellow,0.041269841,7.015873016,cyan,magenta,0.022721088,3.862585034,magenta,blue,0.039614512,6.73446712,magenta,yellow,0.049501134,8.415192744,magenta,cyan,0.022721088,3.862585034,3.540167426,11.6624203,0.917752147,0.425063914,2.248404722,5.412955975,6.382683793,8.492958632,6.467932519,,,,,
1.45387E+12,blue,yellow,0.076235828,12.9600907,blue,cyan,0.046485261,7.902494331,blue,magenta,0.039637188,6.738321995,yellow,blue,0.076235828,12.9600907,yellow,cyan,0.028004535,4.760770975,yellow,magenta,0.028979592,4.926530612,cyan,blue,0.046485261,7.902494331,cyan,yellow,0.028004535,4.760770975,cyan,magenta,0.028843537,4.903401361,magenta,blue,0.039637188,6.738321995,magenta,yellow,0.028979592,4.926530612,magenta,cyan,0.028843537,4.903401361,3.074450512,11.95435769,5.905339519,-0.186535582,5.45440815,4.242726806,2.915293459,4.908089544,7.46239612,,,,,
1.45387E+12,blue,yellow,0.070068027,11.91156463,blue,cyan,0.046462585,7.898639456,blue,magenta,0.039637188,6.738321995,yellow,blue,0.070068027,11.91156463,yellow,cyan,0.041678005,7.085260771,yellow,magenta,0.040566893,6.896371882,cyan,blue,0.046462585,7.898639456,cyan,yellow,0.041678005,7.085260771,cyan,magenta,0.028798186,4.89569161,magenta,blue,0.039637188,6.738321995,magenta,yellow,0.040566893,6.896371882,magenta,cyan,0.028798186,4.89569161,1.667304585,0.557499568,6.155870192,12.89097015,4.165180361,6.575776667,1.295236357,6.843941782,6.350890455,,,,,
1.45387E+12,blue,yellow,0.067981859,11.5569161,blue,cyan,0.046553288,7.914058957,blue,magenta,0.039637188,6.738321995,yellow,blue,0.067981859,11.5569161,yellow,cyan,0.040839002,6.942630385,yellow,magenta,0.040657596,6.911791383,cyan,blue,0.046553288,7.914058957,cyan,yellow,0.040839002,6.942630385,cyan,magenta,0.028820862,4.899546485,magenta,blue,0.039637188,6.738321995,magenta,yellow,0.040657596,6.911791383,magenta,cyan,0.028820862,4.899546485,2.52832529,-1.119180105,3.01313941,8.276776392,10.91510554,6.430378884,4.439064818,2.669641452,7.930023491,,,,,
1.45387E+12,blue,yellow,0.067777778,11.52222222,blue,cyan,0.045986395,7.817687075,blue,magenta,0.025759637,4.379138322,yellow,blue,0.067777778,11.52222222,yellow,cyan,0.032585034,5.539455782,yellow,magenta,0.044421769,7.55170068,cyan,blue,0.045986395,7.817687075,cyan,yellow,0.032585034,5.539455782,cyan,magenta,0.028820862,4.899546485,magenta,blue,0.025759637,4.379138322,magenta,yellow,0.044421769,7.55170068,magenta,cyan,0.028820862,4.899546485,0.059847091,-0.952972389,1.724232625,10.33579225,4.514509308,5.186277097,6.528036694,3.331618897,1.968769236,,,,,
1.45387E+12,blue,yellow,0.067936508,11.54920635,blue,cyan,0.046394558,7.88707483,blue,magenta,0.039569161,6.72675737,yellow,blue,0.067936508,11.54920635,yellow,cyan,0.022789116,3.87414966,yellow,magenta,0.04968254,8.446031746,cyan,blue,0.046394558,7.88707483,cyan,yellow,0.022789116,3.87414966,cyan,magenta,0.028843537,4.903401361,magenta,blue,0.039569161,6.72675737,magenta,yellow,0.04968254,8.446031746,magenta,cyan,0.028843537,4.903401361,0.000861358,12.89115569,3.745678868,1.355531172,3.373445002,5.042402765,4.607934433,8.09190653,8.456589412,,,,,
1.45387E+12,blue,yellow,0.072698413,12.35873016,blue,cyan,0.050657596,8.611791383,blue,magenta,0.044285714,7.528571429,yellow,blue,0.072698413,12.35873016,yellow,cyan,0.042086168,7.154648526,yellow,magenta,0.040226757,6.838548753,cyan,blue,0.050657596,8.611791383,cyan,yellow,0.042086168,7.154648526,cyan,magenta,0.028843537,4.903401361,magenta,blue,0.044285714,7.528571429,magenta,yellow,0.040226757,6.838548753,magenta,cyan,0.028843537,4.903401361,2.512068805,0.772256364,4.886973533,13.79159381,3.714455267,7.768194568,0.179576275,7.729369548,5.265215053,,,,,
1.45387E+12,blue,yellow,0.067868481,11.53764172,blue,cyan,0.045941043,7.809977324,blue,magenta,0.039569161,6.72675737,yellow,blue,0.067868481,11.53764172,yellow,cyan,0.041836735,7.112244898,yellow,magenta,0.040521542,6.888662132,cyan,blue,0.045941043,7.809977324,cyan,yellow,0.041836735,7.112244898,cyan,magenta,0.028820862,4.899546485,magenta,blue,0.039569161,6.72675737,magenta,yellow,0.040521542,6.888662132,magenta,cyan,0.028820862,4.899546485,2.551494111,8.898160991,-1.663668585,7.538699282,10.51889075,12.03017822,5.25885899,7.018227043,4.221012877,,,,,
1.45387E+12,blue,yellow,0.067800454,11.5260771,blue,cyan,0.045918367,7.806122449,blue,magenta,0.039637188,6.738321995,yellow,blue,0.067800454,11.5260771,yellow,cyan,0.041882086,7.119954649,yellow,magenta,0.044512472,7.567120181,cyan,blue,0.045918367,7.806122449,cyan,yellow,0.041882086,7.119954649,cyan,magenta,0.028820862,4.899546485,magenta,blue,0.039637188,6.738321995,magenta,yellow,0.044512472,7.567120181,magenta,cyan,0.028820862,4.899546485,4.316014581,-0.784674046,5.540627893,11.42536104,8.085690985,4.976331072,10.24921405,5.280655464,5.011648491,,,,,
1.45387E+12,blue,yellow,0.067891156,11.5414966,blue,cyan,0.045918367,7.806122449,blue,magenta,0.039614512,6.73446712,yellow,blue,0.067891156,11.5414966,yellow,cyan,0.041111111,6.988888889,yellow,magenta,0.049614512,8.43446712,cyan,blue,0.045918367,7.806122449,cyan,yellow,0.041111111,6.988888889,cyan,magenta,0.022653061,3.851020408,magenta,blue,0.039614512,6.73446712,magenta,yellow,0.049614512,8.43446712,magenta,cyan,0.022653061,3.851020408,3.428164826,10.73004913,0.527637724,-0.352996398,2.982652699,5.036240729,6.515824488,8.113476549,6.386699369,,,,,
1.45387E+12,blue,yellow,0.067913832,11.54535147,blue,cyan,0.045963719,7.8138322,blue,magenta,0.039705215,6.749886621,yellow,blue,0.067913832,11.54535147,yellow,cyan,0.045283447,7.698185941,yellow,magenta,0.040566893,6.896371882,cyan,blue,0.045963719,7.8138322,cyan,yellow,0.045283447,7.698185941,cyan,magenta,0.028798186,4.89569161,magenta,blue,0.039705215,6.749886621,magenta,yellow,0.040566893,6.896371882,magenta,cyan,0.028798186,4.89569161,2.925570487,6.551629025,-0.409916586,5.743646073,11.82179975,10.83249631,6.08769507,5.915939801,5.617755689,,,,,
1.45387E+12,blue,yellow,0.048594104,8.260997732,blue,cyan,0.046621315,7.925623583,blue,magenta,0.040045351,6.807709751,yellow,blue,0.048594104,8.260997732,yellow,cyan,0.037278912,6.337414966,yellow,magenta,0.05739229,9.756689342,cyan,blue,0.046621315,7.925623583,cyan,yellow,0.037278912,6.337414966,cyan,magenta,0.022721088,3.862585034,magenta,blue,0.040045351,6.807709751,magenta,yellow,0.05739229,9.756689342,magenta,cyan,0.022721088,3.862585034,0.149963945,5.163884525,10.46178577,7.729844345,2.552960628,1.360407136,3.625863511,-0.783919446,6.994312918,,,,,
1.45387E+12,blue,yellow,0.067981859,11.5569161,blue,cyan,0.046439909,7.89478458,blue,magenta,0.039591837,6.730612245,yellow,blue,0.067981859,11.5569161,yellow,cyan,0.036507937,6.206349206,yellow,magenta,0.041269841,7.015873016,cyan,blue,0.046439909,7.89478458,cyan,yellow,0.036507937,6.206349206,cyan,magenta,0.028820862,4.899546485,magenta,blue,0.039591837,6.730612245,magenta,yellow,0.041269841,7.015873016,magenta,cyan,0.028820862,4.899546485,2.199254763,11.1301556,10.14952958,1.089875598,3.245724729,3.423435992,8.913728998,7.120881229,5.467381598,,,,,
